V-Valley S.r.l. - Quotazione distributore;;;;;;;;
Quote Number: Q-883436;;;;;;;;
End User: BPER_Banca S.p.A;;;;;;;;
Valid until: 31/07/2026;;;;;;;;
Currency: EUR;;;;;;;;
;;;;;;;;
Period;Qty;SKU;Description;Category;List Price;Extended List;Discount %;Extended Net
31 Dec 2026 - 30 Dec 2027;1;2078005;SolarWinds Network Performance Monitor SLX;Subscription;28.692,00;28.692,00;66,02;9.749,30
31 Dec 2026 - 30 Dec 2027;1;2078012;SolarWinds Network Configuration Manager DL500;Subscription;9.564,00;9.564,00;66,02;3.249,66
31 Dec 2026 - 30 Dec 2027;2;2078033;SolarWinds Server & Application Monitor AL300;Subscription;4.782,00;9.564,00;60,00;3.825,60
31 Dec 2026 - 30 Dec 2027;1;SW-SUP-PREM;Premium Support 24x7 - annuale;Support;3.500,00;3.500,00;40,00;2.100,00
;;;;;Totale;51.320,00;;18.924,56
